Benchmark / source,Task and reference,Data / annotation,Evaluation focus,Comparison caveat,source_url
TruthfulQA,Closed-book QA; world truth,817 misconception-oriented questions,Truthfulness and informativeness; multiple-choice setting also available,"Question selection is adversarial, not a sample of all user requests",https://aclanthology.org/2022.acl-long.229/
TRUE,Multiple grounded generation tasks; source support,11 standardized existing datasets with human consistency labels,Example-level meta-evaluation of consistency metrics,Task and error prevalence differ across component datasets,https://aclanthology.org/2022.naacl-main.287/
BEGIN,Knowledge-grounded dialogue; source support,12k dialogue turns; human attribution judgments,Can a metric distinguish attributable responses?,Paraphrase and source length can create shortcuts,https://aclanthology.org/2022.tacl-1.62/
HaluEval,"QA, dialogue, summarization and general prompts; mixed reference conditions","35k total samples, including generated and human-annotated portions",Hallucination recognition accuracy,Prompt-induced and naturally occurring errors are different distributions,https://aclanthology.org/2023.emnlp-main.397/
ALCE,Long-form QA with citations,"ASQA, QAMPARI and ELI5-based settings","Fluency, answer correctness, citation correctness and completeness",A citation's presence does not establish that it supports the claim,https://aclanthology.org/2023.emnlp-main.398/
ANAH,Bilingual generative QA; retrieved references,About 12k sentence annotations for about 4.3k responses,"Sentence-level type, evidence fragment and correction",Retrieval completeness and annotation policy affect labels,https://aclanthology.org/2024.acl-long.442/
RAGTruth,"QA, summarization and data-to-text under RAG",Nearly 18k naturally generated responses; human response/span labels,"Response-level and span-level precision, recall and F1","Same sources, generators, split and span matching are needed for comparison",https://aclanthology.org/2024.acl-long.585/
ExpertQA,Expert-curated long-form QA; attribution and world factuality,"2,177 questions across 32 fields; expert verification",Claim correctness and attributable support,Expert cost and domain coverage differ from general-purpose evaluation,https://aclanthology.org/2024.naacl-long.167/
TofuEval,Topic-focused dialogue summarization,"Human sentence labels, error explanations and taxonomy",Sentence factual consistency and evaluator reliability,News-summary results do not automatically transfer to dialogue,https://aclanthology.org/2024.naacl-long.251/
HALoGEN,Nine-domain generation; domain-specific sources,"10,923 prompts with high-precision automatic verifiers",Atomic hallucinations and proposed error-source categories,Verifier coverage is domain-dependent; high precision is not exhaustive recall,https://aclanthology.org/2025.acl-long.71/
HalluLens,Intrinsic/extrinsic tasks under the paper's own definitions,Dynamic generation of three extrinsic task sets,"Factual generation, refusal, recall and precision trade-offs",Its training-data reference frame differs from source-faithfulness terminology,https://aclanthology.org/2025.acl-long.1176/
FactBench,In-the-wild user-style generation; Web evidence,"1k prompts across 150 topics, split by difficulty",Supported / unsupported / undecidable units; refusal behavior,Web changes and query coverage can change verification outcomes,https://aclanthology.org/2025.acl-long.1587/
FaithBench,Summaries from 10 modern LLMs across 8 families,Expert annotations on detector-disagreement cases,Balanced accuracy and macro F1 for detection,Difficulty-enriched sampling is not a deployment prevalence estimate,https://aclanthology.org/2025.naacl-short.38/
RGB,RAG question answering in English and Chinese,Four controlled testbeds,"Noise robustness, negative rejection, integration and counterfactual robustness",Robustness dimensions should be reported separately,https://ojs.aaai.org/index.php/AAAI/article/view/29728
TRIVIA+,Long-context RAG hallucination detection,Human labels plus controlled sample-dependent noisy-label variants,Detector evaluation under long context and label noise,"Distinguish clean-test performance, noisy supervision and benchmark ceiling",https://aclanthology.org/2026.acl-long.680/
