Method / source,Mechanism,Access and supervision,Main cost driver,Limit / comparison question,source_url
QAFactEval,Generate questions and compare source-supported answers,Source and output text; pretrained QA components,Question generation and answering,QA errors can become evaluator errors,https://aclanthology.org/2022.naacl-main.187/
AlignScore,Unified alignment model over text pairs,"Source/output text; trained verifier, generator can remain black box",Chunk alignment and verifier calls,"Generalization across task, length and error type",https://aclanthology.org/2023.acl-long.634/
FActScore,"Decompose, retrieve and verify atomic facts","Generated text, knowledge corpus and verifier","Claim count, retrieval and verification calls",Precision alone omits completeness; decomposition can inflate counts,https://aclanthology.org/2023.emnlp-main.741/
VeriScore,Extract and verify only verifiable claims,Generated text and external evidence; verifier model,Claim extraction and search,"Keep unverifiable, unsupported and false distinct",https://aclanthology.org/2024.findings-emnlp.552/
SelfCheckGPT,Consistency across repeated generations,Sampling access; no external knowledge corpus required,Repeated generation and pairwise checking,A consistently repeated falsehood may evade detection,https://aclanthology.org/2023.emnlp-main.557/
Semantic uncertainty,Entropy over semantic equivalence classes,Multiple generations; likelihoods for weighted semantic entropy,Sampling and semantic equivalence checks,Meaning clusters and sample budget affect the estimate,https://openreview.net/forum?id=VD-AYtP0dve
Semantic entropy,Detect confabulations through meaning-level uncertainty,Sampled generations; estimator variant determines probability access,Sampling and clustering,"Designed for confabulations, not all stable false beliefs",https://www.nature.com/articles/s41586-024-07421-0
FOCUS,Focused token-level uncertainty aggregation,Token probability signals; no external evidence required,Generation probabilities and token weighting,Uncertainty is not identical to factual error,https://aclanthology.org/2023.emnlp-main.58/
Internal-state probe,Supervised truth classifier over hidden states,Internal activations and labeled training examples,Feature collection and probe training,Artificial true/false pairs may not transfer to generated errors,https://aclanthology.org/2023.findings-emnlp.68/
Lookback Lens,Context-versus-generation attention ratios,Attention maps and detector supervision,Attention extraction and optional guided decoding,Correlation with support does not establish source truth,https://aclanthology.org/2024.emnlp-main.84/
PrefixNLI,Entailment checks on incomplete prefixes,Source/prefix text and a specially trained verifier,Frequent prefix evaluation,Early detection quality versus latency,https://aclanthology.org/2026.acl-long.63/
Self-RAG,Learned retrieval and reflection tokens,"Generator training, retrieval system and reflection supervision",Training plus conditional retrieval and candidate ranking,Reflection quality and evidence availability limit reliability,https://openreview.net/forum?id=hSyW5go0v8
CAD,Contrast context-conditioned and unconditioned token distributions,Generator logits under both conditions; no new training,Additional decoding distribution,Strong context adherence can reproduce wrong context,https://aclanthology.org/2024.naacl-short.69/
DoLa,Contrast mature and earlier-layer logits,Internal layer outputs; no new model training,Layer projections and contrastive decoding,Layer selection and task transfer require checking,https://openreview.net/forum?id=Th6NyL07na
TruthX,Edit truth-related latent representations,Internal representations; learned encoder and direction,Representation learning and inference intervention,Truthfulness steering may affect other output qualities,https://aclanthology.org/2024.acl-long.483/
Self-Alignment,Self-evaluation and knowledge tuning followed by DPO,Trainable generator; self-generated factuality supervision,"Response generation, evaluation and preference training",Correlated self-label errors,https://aclanthology.org/2024.acl-long.107/
FactAlign,Fine-grained factuality-based long-form alignment,Trainable model and sentence-level feedback,Verification for training and alignment updates,"Reward quality, factual precision and useful coverage",https://aclanthology.org/2024.findings-emnlp.955/
Astute RAG,Source-aware consolidation of internal and retrieved knowledge,Text generation and retrieval access,Iterative knowledge consolidation,"Evidence reliability must be assessed, not assumed",https://aclanthology.org/2025.acl-long.1476/
CoVe,"Draft, independently verify, then revise",Text-generation access; no external source required by core procedure,Multiple verification generations,Shared parametric misconceptions can persist,https://aclanthology.org/2024.findings-acl.212/
CRITIC,External-tool feedback followed by revision,Black-box generator and task-appropriate tools,Search/tool calls and iterative regeneration,An unreliable tool can provide misleading correction signals,https://proceedings.iclr.cc/paper_files/paper/2024/hash/fef126561bbf9d4467dbb8d27334b8fe-Abstract-Conference.html
SEAL,Selective rejection token learning and decoding regularization,Trainable generator and rejection-aware objective,Training and refusal calibration,"Measure coverage and over-refusal, not just error reduction",https://aclanthology.org/2025.acl-long.1199/
